frame,I
frame,B
frame,B
frame,B
frame,P
frame,B
frame,B
frame,B
frame,P
frame,B
frame,P
frame,B
frame,P
frame,B
frame,P
frame,B
frame,P
frame,B
frame,P
frame,B
frame,B
frame,B
frame,P
frame,I
frame,B
frame,B
frame,B
frame,P
frame,B
frame,B
frame,B
frame,P
frame,B
frame,B
frame,B
frame,P
frame,B
frame,B
frame,B
frame,P
frame,B
frame,B
frame,B
frame,P
frame,B
frame,P
frame,I
frame,B
frame,B
frame,P
frame,B
frame,P
frame,B
frame,P
frame,B
frame,P
frame,B
frame,P
frame,B
frame,B
frame,P
frame,B
frame,B
frame,B
frame,P
frame,B
frame,B
frame,B
frame,P
frame,I
frame,B
frame,P
frame,B
frame,P
frame,B
frame,B
frame,P
frame,B
frame,B
frame,P
frame,B
frame,P
frame,B
frame,P
frame,B
frame,P
frame,B
frame,P
frame,B
frame,P
frame,B
frame,P
frame,I
frame,B
frame,B
frame,B
frame,P
frame,B
frame,B
frame,B
frame,P
frame,B
frame,B
frame,B
frame,P
frame,B
frame,B
frame,B
frame,P
frame,B
frame,B
frame,B
frame,P
frame,B
frame,P
frame,I
frame,B
frame,B
frame,B
frame,P
frame,B
frame,P
frame,I
frame,B
frame,B
frame,P
frame,B
frame,B
frame,B
frame,P
frame,B
frame,B
frame,B
frame,P
frame,B
frame,B
frame,B
frame,P
frame,B
frame,B
frame,B
frame,P
frame,B
frame,B
frame,P
frame,I
frame,B
frame,B
frame,B
frame,P
frame,B
frame,B
frame,P
frame,B
frame,P
frame,P
frame,P
frame,P
frame,P
frame,P
frame,B
frame,P
frame,B
frame,B
frame,P
frame,B
frame,P
frame,P
frame,I
frame,B
frame,B
frame,B
frame,P
frame,B
frame,B
frame,B
frame,P
frame,B
frame,P
frame,B
frame,P
frame,P
frame,P
frame,P
frame,P
frame,P
frame,I
frame,B
frame,B
frame,B
frame,P
frame,B
frame,B
frame,B
frame,P
frame,B
frame,B
frame,B
frame,P
frame,B
frame,B
frame,B
frame,P
frame,B
frame,B
frame,B
frame,P
frame,B
frame,P
frame,I
frame,B
frame,B
frame,B
frame,P
frame,B
frame,B
frame,B
frame,P
frame,B
frame,B
frame,B
frame,P
frame,B
frame,B
frame,B
frame,P
frame,B
frame,P
frame,B
frame,P
frame,B
frame,P
frame,I
frame,B
frame,B
frame,P
frame,B
frame,B
frame,B
frame,P
frame,B
frame,B
frame,B
frame,P
frame,B
frame,B
frame,P
frame,P
frame,P
frame,P
frame,P
frame,P
frame,P
frame,P
frame,P
frame,I
frame,P
frame,P
frame,P
frame,P
frame,P
frame,P
frame,P
frame,P
frame,P
frame,P
frame,I
frame,P
frame,P
frame,P
frame,P
frame,P
frame,P
frame,P
frame,P
frame,P
frame,P
frame,P
frame,P
frame,P
frame,P
frame,B
frame,B
frame,P
frame,P
frame,I
frame,P
frame,P
frame,P
frame,P
frame,P
frame,P
frame,P
frame,P
frame,P
frame,P
frame,P
frame,P
frame,P
frame,P
frame,P
frame,P
frame,P
frame,P
frame,P
frame,P
frame,P
frame,P
frame,I
frame,P
frame,P
frame,P
frame,P
frame,P
frame,P
frame,P
frame,P
frame,P
frame,P
frame,P
frame,P
frame,P
frame,P
frame,P
frame,P
frame,P
frame,P
frame,P
frame,P
frame,P
frame,P
frame,I
frame,P
frame,P
frame,P
frame,P
frame,P
frame,P
frame,P
frame,P
frame,B
frame,B
frame,P
frame,B
frame,P
frame,P
frame,P
frame,P
frame,P
frame,P
frame,P
frame,B
frame,B
frame,P
frame,I
frame,B
frame,B
frame,B
frame,P
frame,B
frame,B
frame,B
frame,P
frame,B
frame,P
frame,P
frame,P
frame,P
frame,P
frame,P
frame,P
frame,P
frame,P
frame,P
frame,P
frame,P
frame,P
frame,I
frame,B
frame,B
frame,B
frame,P
frame,B
frame,B
frame,B
frame,P
frame,B
frame,P
frame,B
frame,B
frame,B
frame,P
frame,B
frame,P
frame,P
frame,P
frame,B
frame,P
frame,B
frame,P
frame,I
frame,B
frame,P
frame,I
frame,B
frame,B
frame,B
frame,P
frame,B
frame,B
frame,B
frame,P
frame,B
frame,P
frame,P
frame,P
frame,P
frame,P
frame,P
frame,P
frame,P
frame,P
frame,P
frame,P
frame,P
frame,P
frame,I
frame,P
frame,P
frame,P
frame,P
frame,P
frame,P
frame,P
frame,P
frame,P
frame,P
frame,P
frame,P
frame,P
frame,P
frame,P
frame,P
frame,P
frame,P
frame,P
frame,P
frame,P
frame,P
frame,I
frame,P
frame,P
frame,I
frame,B
frame,B
frame,B
frame,P
frame,B
frame,B
frame,B
frame,P
frame,B
frame,B
frame,B
frame,P
frame,B
frame,B
frame,B
frame,P
frame,B
frame,B
frame,B
frame,P
frame,B
frame,P
frame,I
frame,B
frame,B
frame,B
frame,P
frame,B
frame,B
frame,B
frame,P
frame,B
frame,B
frame,B
frame,P
frame,B
frame,B
frame,B
frame,P
frame,B
frame,B
frame,B
frame,P
frame,B
frame,P
frame,I
frame,B
frame,B
frame,B
frame,P
frame,B
frame,B
frame,B
frame,P
frame,B
frame,B
frame,B
frame,P
frame,B
frame,B
frame,B
frame,P
frame,B
frame,B
frame,B
frame,P
frame,B
frame,P
frame,I
frame,B
frame,B
frame,B
frame,P
frame,B
frame,B
frame,B
frame,P
frame,B
frame,B
frame,B
frame,P
frame,B
frame,B
frame,P
frame,I
frame,P
frame,P
frame,P
frame,P
frame,P
frame,P
frame,P
frame,P
frame,P
frame,P
frame,P
frame,P
frame,P
frame,P
frame,P
frame,P
frame,P
frame,P
frame,P
frame,P
frame,I
frame,P
frame,P
frame,P
frame,P
frame,P
frame,P
frame,P
frame,P
frame,P
frame,P
frame,P
frame,P
frame,P
frame,P
frame,P
frame,P
frame,P
frame,P
frame,P
frame,P
frame,P
frame,P
frame,I
frame,P
frame,B
frame,B
frame,B
frame,P
frame,P
frame,P
frame,P
frame,P
frame,P
frame,P
frame,P
frame,P
frame,P
frame,P
frame,P
frame,P
frame,P
frame,P
frame,P
frame,I
frame,B
frame,B
frame,B
frame,P
frame,B
frame,B
frame,B
frame,P
frame,B
frame,B
frame,B
frame,P
frame,B
frame,B
frame,B
frame,P
frame,B
frame,B
frame,B
frame,P
frame,B
frame,P
frame,I
frame,B
frame,B
frame,B
frame,P
frame,B
frame,B
frame,B
frame,P
frame,B
frame,B
frame,B
frame,P
frame,P
frame,B
frame,P
frame,B
frame,B
frame,P
frame,B
frame,B
frame,B
frame,P
frame,I
frame,B
frame,B
frame,B
frame,P
frame,P
frame,B
frame,B
frame,B
frame,P
frame,B
frame,B
frame,B
frame,P
frame,B
frame,P
frame,B
frame,B
frame,B
frame,P
frame,B
frame,B
frame,P
frame,I
frame,B
frame,B
frame,B
frame,P
frame,B
frame,B
frame,B
frame,P
frame,B
frame,B
frame,B
frame,P
frame,B
frame,B
frame,B
frame,P
frame,P
frame,I
frame,P
frame,B
frame,P
frame,B
frame,P
frame,B
frame,P
frame,P
frame,P
frame,P
frame,P
frame,P
frame,P
frame,P
frame,P
frame,B
frame,P
frame,B
frame,B
frame,B
frame,P
frame,P
frame,I
frame,P
frame,I
frame,P
frame,P
frame,P
frame,P
frame,P
frame,P
frame,P
frame,P
frame,P
frame,P
frame,P
frame,P
frame,P
frame,P
frame,P
frame,P
frame,P
frame,P
frame,P
frame,P
frame,P
frame,P
frame,I
frame,P
frame,P
frame,P
frame,P
frame,P
frame,P
frame,P
frame,P
frame,P
frame,P
frame,P
frame,P
frame,P
frame,P
frame,P
frame,B
frame,B
frame,P
frame,I
frame,P
frame,P
frame,P
frame,P
frame,P
frame,P
frame,P
frame,P
frame,P
frame,P
frame,P
frame,P
frame,P
frame,P
frame,P
frame,P
frame,I
frame,P
frame,P
frame,P
frame,P
frame,P
frame,P
frame,P
frame,P
frame,P
frame,P
frame,P
frame,P
frame,P
frame,P
frame,P
frame,P
frame,P
frame,P
frame,P
frame,B
frame,P
frame,P
frame,I
frame,P
frame,P
frame,P
frame,P
frame,B
frame,B
frame,B
frame,P
frame,B
frame,P
frame,B
frame,B
frame,P
frame,B
frame,B
frame,B
frame,P
frame,B
frame,P
frame,P
frame,P
frame,P
frame,I
frame,B
frame,B
frame,B
frame,P
frame,B
frame,B
frame,B
frame,P
frame,B
frame,B
frame,B
frame,P
frame,B
frame,B
frame,B
frame,P
frame,B
frame,B
frame,B
frame,P
frame,I
frame,B
frame,B
frame,B
frame,P
frame,B
frame,B
frame,B
frame,P
frame,B
frame,B
frame,P
frame,B
frame,B
frame,B
frame,P
frame,B
frame,B
frame,B
frame,P
frame,P
frame,P
frame,P
frame,I
frame,P
frame,P
frame,P
frame,P
frame,P
frame,P
frame,P
frame,P
frame,P
frame,B
frame,B
frame,B
frame,P
frame,B
frame,B
frame,B
frame,P
frame,B
frame,B
frame,P
frame,B
frame,P
frame,I
frame,B
frame,B
frame,B
frame,P
frame,B
frame,B
frame,B
frame,P
frame,B
frame,B
frame,B
frame,P
frame,B
frame,P
frame,I
frame,P
frame,P
frame,P
frame,P
frame,P
frame,P
frame,P
frame,P
frame,P
frame,P
frame,P
frame,P
frame,P
frame,P
frame,P
frame,B
frame,B
frame,B
frame,P
frame,B
frame,B
frame,P
frame,I
frame,B
frame,B
frame,B
frame,P
frame,B
frame,B
frame,B
frame,P
frame,B
frame,B
frame,B
frame,P
frame,B
frame,B
frame,B
frame,P
frame,B
frame,P
frame,B
frame,B
frame,P
frame,P
frame,I
frame,B
frame,P
frame,B
frame,B
frame,B
frame,P
frame,B
frame,P
frame,B
frame,B
frame,B
frame,P
frame,B
frame,P
frame,P
frame,I
frame,B
frame,B
frame,B
frame,P
frame,B
frame,B
frame,B
frame,P
frame,B
frame,B
frame,B
frame,P
frame,B
frame,P
frame,B
frame,P
frame,P
frame,P
frame,P
frame,B
frame,B
frame,P
frame,I
frame,P
frame,P
frame,P
frame,P
frame,P
frame,P
frame,P
frame,P
frame,P
frame,P
frame,P
frame,P
frame,P
frame,P
frame,P
frame,P
frame,P
frame,P
frame,P
frame,P
frame,P
frame,P
frame,I
frame,P
frame,P
frame,P
frame,P
frame,B
frame,B
frame,B
frame,P
frame,B
frame,B
frame,B
frame,P
frame,B
frame,B
frame,B
frame,P
frame,B
frame,B
frame,B
frame,P
frame,B
frame,P
frame,I
frame,B
frame,B
frame,B
frame,P
frame,B
frame,B
frame,B
frame,P
frame,B
frame,B
frame,B
frame,P
frame,B
frame,B
frame,B
frame,P
frame,B
frame,B
frame,B
frame,P
frame,B
frame,P
frame,I
frame,B
frame,P
frame,B
frame,P
frame,B
frame,P
frame,B
frame,P
frame,B
frame,P
frame,B
frame,P
frame,B
frame,P
frame,B
frame,P
frame,B
frame,P
frame,B
frame,P
frame,B
frame,P
frame,I
frame,B
frame,B
frame,B
frame,P
frame,B
frame,B
frame,B
frame,P
frame,B
frame,B
frame,B
frame,P
frame,B
frame,B
frame,B
frame,P
frame,B
frame,B
frame,B
frame,P
frame,B
frame,P
frame,I
frame,B
frame,B
frame,B
frame,P
frame,B
frame,B
frame,B
frame,P
frame,B
frame,B
frame,B
frame,P
frame,B
frame,P
